{"current":{"cart_type":"drawer","cart_notes_enable":true,"favicon":"shopify:\/\/shop_images\/JPEG_7207b636-3502-495d-b82a-7926799480d3.jpg","checkout_accent_color":"#a26b25","checkout_button_color":"#000000","checkout_error_color":"#e32c2b","sections":{"header":{"type":"header","settings":{"logo":"shopify:\/\/shop_images\/JPEG_7207b636-3502-495d-b82a-7926799480d3.jpg","logo_max_width":50,"header_color":"#000000","transparent_header_enable":true,"transparent_logo":"shopify:\/\/shop_images\/JPEG.jpg","transparent_header_color":"#ffffff","search":"modal","main_menu_link_list":"main-menu","drawer_bottom_link_list":"footer","drawer_search_enable":false,"show_announcement":true,"home_page_only":true,"text":"Free shipping over 50€! ❤️","link":"","color_bg":"#1c1d1d","color_text":"#ffffff"}},"slideshow":{"type":"slideshow","blocks":{"slideshow-0":{"type":"slide","settings":{"image":"shopify:\/\/shop_images\/planning-design-being-creative.jpg","image_position":"center center","image_overlay":true,"image_overlay_opacity":25,"text_alignment":"center","slide_heading":"Customize your clothes","slide_subheading":"Now","button_label":"Shop now","button_link":"","slide_text_color":"#ffffff","slide_button_label_color":"#ffffff","slide_button_background_color":"#1f2021"}},"slideshow-1":{"type":"slide","settings":{"image":"shopify:\/\/shop_images\/design-tools-on-ipad.jpg","image_position":"center center","image_overlay":true,"image_overlay_opacity":25,"text_alignment":"center","slide_heading":"Sell your clothes","slide_subheading":"Now","button_label":"Shop now","button_link":"","slide_text_color":"#ffffff","slide_button_label_color":"#ffffff","slide_button_background_color":"#1f2021"}}},"block_order":["slideshow-0","slideshow-1"],"settings":{"home_hero_height":"full","hero_home_auto":false,"home_hero_auto_speed":5}},"featured-content":{"type":"featured-content","disabled":true,"settings":{"home_page_full_width":false,"section_title":"","text":"<p>I﻿ just picked hoodie for my girlfriend, upload photo of us and order. It was shipped only in two days. Quality of hoodie was awesome and print too. I will definitely buying more clothes.<\/p><p>﻿Kevin M. ,Poland<\/p><p>﻿⭐⭐⭐⭐⭐<\/p><p>﻿<\/p>","text_size":"large"}},"featured-collections":{"type":"featured-collections","disabled":true,"blocks":{"featured-collections-0":{"type":"collection","settings":{"collection":""}},"featured-collections-1":{"type":"collection","settings":{"collection":""}},"featured-collections-2":{"type":"collection","settings":{"collection":""}},"featured-collections-3":{"type":"collection","settings":{"collection":""}},"featured-collections-4":{"type":"collection","settings":{"collection":""}}},"block_order":["featured-collections-0","featured-collections-1","featured-collections-2","featured-collections-3","featured-collections-4"],"settings":{"title":"Collection list"}},"featured-products":{"type":"featured-products","settings":{"title":"New products","home_featured_products":"products","collection_products_grid":"collage"}},"featured-product":{"type":"featured-product","settings":{"featured_product":"kids-premium-t-shirt-1","show_variant_labels":true,"show_vendor":false,"enable_payment_button":true,"show_share_buttons":true,"enable_video_looping":false}},"newsletter":{"type":"newsletter","settings":{"heading":"Subscribe to our newsletter","subheading":"<p>Promotions, new products and sales. Directly to your inbox.<\/p>"}},"footer":{"type":"footer","settings":{"show_payment_icons":true,"show_locale_selector":true,"show_currency_selector":true,"footer_link_list":"footer"}},"16261146720bf2cabb":{"type":"maestrooo-instagram","settings":{"title":"Instagram feed","subheading":"<p>F﻿ollow us for more!<\/p>","button_text":"Visit","button_link":"https:\/\/www.instagram.com\/yourcustombrand.online\/","layout":"sliding_carousel","image_size":"small","full_width":true,"add_spacing":false,"rows_count":2,"show_author":false,"show_caption":true,"show_date":true,"click_action":"open_instagram","heading_color":"#000000","subheading_color":"#000000","button_background":"#000000","button_color":"#ffffff","overlay_color":"#000000","overlay_text_color":"#ffffff","overlay_opacity":65}},"collection-template":{"type":"collection-template","settings":{"show_collection_image":false,"collection_sort_enable":true,"collection_tags_enable":false,"collection_products_grid":"collage","product_vendor_enable":false}},"16262937745fb27581":{"type":"featured-row","settings":{"image":"shopify:\/\/shop_images\/spod-544247223-22-1_1080x_00336482-7e85-42fa-9c6d-f0a7b2242831.png","layout":"left","title":"Do you love dogs?","text":"<p>﻿This is right for you or for your love. <\/p><p>﻿If you love cats more, just click customize and change design.<\/p>","button_label":"Shop","button_link":"shopify:\/\/products\/unisex-hoodie-1"}},"1626337490092af3a8":{"type":"featured-row","settings":{"image":"shopify:\/\/shop_images\/spod-544288338-648-1_1080x_ec602193-e836-44e7-826f-e2f13c15b4f8.png","layout":"right","title":"YOUTUBE or tiktok?","text":"<p>﻿Do you want clothes with your logo\/idea fo your fans?<\/p><p>﻿You don't need money. Zero work and provision for you. Promo codes for fans.<\/p><p>﻿Just contact us!<\/p>","button_label":"Contact us","button_link":"shopify:\/\/pages\/contact-us"}},"1626360825d4bfe4be":{"type":"featured-video","settings":{"heading":"Production","video_url":"https:\/\/youtu.be\/xI5YxAucTq4"}},"16263678271f850f1a":{"type":"featured-row","disabled":true,"settings":{"image":"shopify:\/\/shop_images\/ezgif.com-gif-maker.gif","layout":"left","title":"Is that simple","text":"<p>-﻿ Choose product<\/p><p>﻿- Add design<\/p><p>﻿- Order<\/p>","button_label":"Customize","button_link":"shopify:\/\/pages\/customizer"}},"1626378484ea177e96":{"type":"featured-row","settings":{"image":"shopify:\/\/shop_images\/IMG_20210715_214655.jpg","layout":"left","title":"You are not a designer?","text":"<p>D﻿on't worry.<\/p><p>﻿We have a thousands ready to add design.<\/p><p>﻿Go try it.<\/p>","button_label":"Try now","button_link":"shopify:\/\/pages\/customizer"}}},"content_for_index":["slideshow","16262937745fb27581","1626337490092af3a8","1626378484ea177e96","16261146720bf2cabb","16263678271f850f1a","1626360825d4bfe4be","featured-content","featured-product","featured-products","newsletter"]},"presets":{"Classic":{"checkout_accent_color":"#a26b25","checkout_button_color":"#000000","checkout_error_color":"e32c2b","sections":{"header":{"type":"header","settings":{"show_announcement":true}},"slideshow":{"type":"slideshow","blocks":{"slideshow-0":{"type":"slide","settings":{}},"slideshow-1":{"type":"slide","settings":{}}},"block_order":["slideshow-0","slideshow-1"],"settings":{}},"featured-content":{"type":"featured-content","settings":{"section_title":"","text_size":"large"}},"featured-collections":{"type":"featured-collections","blocks":{"featured-collections-0":{"type":"collection","settings":{}},"featured-collections-1":{"type":"collection","settings":{}},"featured-collections-2":{"type":"collection","settings":{}},"featured-collections-3":{"type":"collection","settings":{}},"featured-collections-4":{"type":"collection","settings":{}}},"block_order":["featured-collections-0","featured-collections-1","featured-collections-2","featured-collections-3","featured-collections-4"],"settings":{}},"featured-products":{"type":"featured-products","settings":{"collection_products_grid":"grid"}},"featured-product":{"type":"featured-product","settings":{}},"newsletter":{"type":"newsletter","settings":{}}},"content_for_index":["slideshow","featured-content","featured-collections","featured-products","featured-product","newsletter"]},"Playful":{"color_body_bg":"#ffffff","color_body_text":"#565656","color_borders":"#5dd2b4","color_button_text":"#ffffff","color_primary":"#7737BD","color_secondary":"#058677","color_product_background":"#fff4f6","color_sale_tag":"#e80970","color_input":"#f6f6f6","color_newsletter":"#bde9f2","color_drawer_background":"#360f5f","color_drawer_text":"#ffffff","color_drawer_border":"#50297a","color_drawer_button":"#7737BD","color_drawer_button_text":"#ffffff","color_headings":"#321863","type_header_family":"quicksand_n7","type_header_base_size":"38px","type_header_border_thickness":"1px","type_accent_family":"roboto_n7","type_accent_transform":true,"type_accent_spacing":true,"type_accent_subheadings":false,"type_base_family":"helvetica_n4","type_base_size":"17px","type_base_italize_titles":false,"cart_type":"drawer","cart_notes_enable":true,"social_facebook_link":"","social_twitter_link":"","social_pinterest_link":"","social_instagram_link":"","social_snapchat_link":"","social_google_plus_link":"","social_tumblr_link":"","social_youtube_link":"","social_vimeo_link":"","social_fancy_link":"","share_facebook":true,"share_twitter":true,"share_pinterest":true,"favicon":"","checkout_header_image":"","checkout_logo_image":"","checkout_logo_position":"left","checkout_logo_size":"small","checkout_body_background_image":"","checkout_body_background_color":"#ffffff","checkout_input_background_color_mode":"white","checkout_sidebar_background_image":"","checkout_sidebar_background_color":"#fff4f6","checkout_heading_font":"Helvetica Neue","checkout_body_font":"Roboto","checkout_accent_color":"#7737BD","checkout_button_color":"#7737BD","checkout_error_color":"#f01130","checkout_banner_background_color":"#fff","checkout_call_to_action_color":"#a26b25","checkout_use_header_image":false,"collection_products_grid":"collage","customer_layout":"customer_area","favicon_enable":false,"product_vendor_enable":false,"social_sharing_style":"clean","sections":{"slideshow":{"type":"slideshow","blocks":{"1495823280244":{"type":"slide","settings":{"slide_text_color":"#ffffff","slide_button_label_color":"#003B34","slide_button_background_color":"#84D1B2"}}},"block_order":["1495823280244"],"settings":{"hero_home_auto":false,"home_hero_auto_speed":5}},"featured-products":{"type":"featured-products","settings":{"home_featured_products":"frontpage","collection_products_grid":"collage"}},"newsletter":{"type":"newsletter","settings":{}},"header":{"type":"header","settings":{"logo_max_width":260,"search":"modal","main_menu_link_list":"main-menu","show_announcement":false,"color_bg":"#290c49","color_text":"#ffffff"}},"footer":{"type":"footer","settings":{"footer_link_list":"footer"}},"collection-template":{"type":"collection-template","settings":{"collection_tags_enable":false,"collection_products_grid":"grid","product_vendor_enable":false}},"1494860348200":{"type":"featured-row","settings":{"layout":"right"}},"1494894035034":{"type":"featured-row","settings":{"layout":"left"}},"product-template":{"type":"product-template","settings":{"product_vendor_enable":false,"social_sharing_products":true,"enable_image_zoom":false,"enable_video_looping":false}},"1496078102297":{"type":"advanced-content","blocks":{"1496078102297-0":{"type":"html","settings":{"code":"<div style=\"text-align:center;\">\n<h1 class=\"h1\">Use HTML to format your text so it can be easily read.<\/h1>This text can be used to share information about your brand with customers.<\/div>","width":"100%","alignment":"top-middle"}}},"block_order":["1496078102297-0"],"settings":{}},"1496177901425":{"type":"advanced-content","blocks":{"1496177901425-0":{"type":"html","settings":{"code":"<div style=\"width:745px;text-align: center; margin: 0 auto;\">This text can be used to share information about your brand with customers.<\/div>","width":"100%","alignment":"top-middle"}}},"block_order":["1496177901425-0"],"settings":{}}},"content_for_index":["slideshow","1496177901425","featured-products","newsletter","1496078102297","1494860348200","1494894035034"]}}}